<?xml version="1.0" encoding="UTF-8"?>
<modification>
	<name>Feedback form</name>
    <code>feedbackform-module</code>
    <version>1.0.0</version>
    <author>kolax</author>
    <link>kolax-dev</link>
    <file path="catalog/controller/information/information.php">
        <operation>
            <search>
                <![CDATA[$data['description'] = html_entity_decode($information_info['description'], ENT_QUOTES, 'UTF-8');]]>
            </search>
            <add position="replace">
                <![CDATA[
                	if (($this->request->server['REQUEST_METHOD'] == 'POST') && $this->validate()) {								
						$this->model_catalog_information->addVisitor($this->request->post);
						$data['success'] = $this->language->get('text_success');
					}
					
					$data['name'] = isset($this->request->post['name']) ? $this->request->post['name'] : '';			
					$data['email'] = isset($this->request->post['email']) ? $this->request->post['email'] : '';			
					$data['phone'] = isset($this->request->post['phone']) ? $this->request->post['phone'] : '';
					$data['text'] = isset($this->request->post['text']) ? $this->request->post['text'] : '';
					
					$data['errors'] = [];

					if (isset($this->error['name'])) {
						$data['errors'][] = $this->error['name'];
					}
					if (isset($this->error['email'])) {
						$data['errors'][] = $this->error['email'];
					}
					if (isset($this->error['text'])) {
						$data['errors'][] = $this->error['text'];
					}

					$contact_form = '<div class="col-sm-12"><form action="'.$this->url->link('information/information', 'information_id=' .  $information_id).'" method="post" enctype="multipart/form-data" class="form-horizontal">
											<fieldset>
											<legend>Feedback Form</legend>
											<div class="form-group required">
												<label class="col-sm-2 control-label" for="input-name">Name</label>
												<div class="col-sm-10">
													<input type="text" name="name" value="'.$data['name'].'" id="input-name" class="form-control">
												</div>
											</div>
											<div class="form-group required">
												<label class="col-sm-2 control-label" for="input-email">E-Mail</label>
												<div class="col-sm-10">
													<input type="text" name="email" value="'.$data['email'].'" id="input-email" class="form-control">
												</div>
											</div>
											<div class="form-group">
												<label class="col-sm-2 control-label" for="input-phone">Phone</label>
												<div class="col-sm-10">
													<input type="text" name="phone" value="'.$data['phone'].'" id="input-phone" class="form-control">
												</div>
											</div>
											<div class="form-group required">
												<label class="col-sm-2 control-label" for="input-enquiry">Message</label>
												<div class="col-sm-10">
													<textarea name="text" rows="10" id="input-text" class="form-control">'.$data['text'].'</textarea>
												</div>
											</div>
											<input type="hidden" name="page" value="'.$this->url->link('information/information', 'information_id=' .  $information_id).'"  class="form-control">
											</fieldset>
											<div class="col-sm-2"></div>
											<div class="col-sm-10">
												<div class="pull-left">
													<input class="btn btn-primary" type="submit" value="Submit">
												</div>
											</div>
										</form></div>';

					$this->load->model('setting/setting');
					if ($this->config->get('module_feedbackform_module_status')) {
						$data['description'] = str_replace('[feedback_form]', $contact_form, html_entity_decode($information_info['description'], ENT_QUOTES, 'UTF-8'));			
					} else {
						$data['description'] = html_entity_decode($information_info['description'], ENT_QUOTES, 'UTF-8');			
					}
                ]]>
            </add>
        </operation>
        <operation>
            <search>
                <![CDATA[class ControllerInformationInformation extends Controller {]]>
            </search>
            <add position="after">
                <![CDATA[
                private $error = [];
                protected function validate() {
					$this->load->language('information/information');
					if ((utf8_strlen($this->request->post['name']) < 3) || (utf8_strlen($this->request->post['name']) > 32)) {
						$this->error['name'] = $this->language->get('error_name');
					}
					

					if (!filter_var($this->request->post['email'], FILTER_VALIDATE_EMAIL)) {
						$this->error['email'] = $this->language->get('error_email');
					}		

					if ((utf8_strlen($this->request->post['text']) < 10) || (utf8_strlen($this->request->post['text']) > 3000)) {
						$this->error['text'] = $this->language->get('error_text');
					}

					return !$this->error;
				}
                ]]>
            </add>
        </operation>        
    </file>
    <file path="catalog/language/en-gb/information/information.php">
        <operation>
            <search>
                <![CDATA[$_['text_error'] = 'Information Page Not Found!';]]>
            </search>
            <add position="after">
                <![CDATA[
                	$_['text_success'] = 'Thanks for your feedback!';
					$_['error_name']     = 'Name must be between 3 and 32 characters!';
					$_['error_email']    = 'E-Mail address does not appear to be valid!';
					$_['error_text']  = 'Message must be between 10 and 3000 characters!';
                ]]>
            </add>
        </operation>
    </file>
 	<file path="catalog/view/theme/default/template/information/information.twig">
        <operation>
            <search>
                <![CDATA[<h1>{{ heading_title }}</h1>]]>
            </search>
            <add position="after">
                <![CDATA[
                	{% if errors %}
				       {% for error in errors %}
				        <div class="alert alert-danger alert-dismissible"><i class="fa fa-exclamation-circle"></i> {{ error }}
				          <button type="button" class="close" data-dismiss="alert">&times;</button>
				        </div>
				        {% endfor %}
			      	{% endif %}
			      	{% if success %}
				      <div class="alert alert-success alert-dismissible"><i class="fa fa-check-circle"></i> {{ text_success }}
				        <button type="button" class="close" data-dismiss="alert">&times;</button>
				      </div>
			      	{% endif %}
                ]]>
            </add>
        </operation>
    </file>
    <file path="catalog/model/catalog/information.php">
        <operation>
            <search>
                <![CDATA[class ModelCatalogInformation extends Model {]]>
            </search>
            <add position="after">
                <![CDATA[
                    public function addVisitor($data) {
						$this->db->query("INSERT INTO `" . DB_PREFIX . "visitor` SET name = '" . $this->db->escape($data['name']) . "', phone = '" . $this->db->escape($data['phone']) . "', email = '" . $this->db->escape($data['email']) . "', text = '" . $this->db->escape($data['text']) . "', page = '" . $data['page'] . "', created_at = NOW()");
					
						return $this->db->getLastId();
					}
                ]]>
            </add>
        </operation>
    </file>

</modification>